datahora,satelite,pais,estado,municipio,bioma,diasemchuva,precipitacao,riscofogo,latitude,longitude,frp
2021/06/15 17:15:00,AQUA_M-T,Brasil,MINAS GERAIS,LAVRAS,Mata Atlantica,4,0,1,-21.263,-45.022,17.2
2021/06/15 17:15:00,AQUA_M-T,Brasil,MATO GROSSO DO SUL,ANTONIO JOAO,Cerrado,5,0,0.9,-22.226,-56.276,22.5
2021/06/15 17:15:00,AQUA_M-T,Brasil,PARANA,ASTORGA,Mata Atlantica,4,0,0.3,-23.109,-51.673,8.7
2021/06/15 17:15:00,AQUA_M-T,Brasil,SAO PAULO,FRANCISCO MORATO,Mata Atlantica,4,0,0.1,-23.262,-46.661,22.1
2021/06/15 17:15:00,AQUA_M-T,Brasil,PARANA,APUCARANA,Mata Atlantica,4,0,0.3,-23.585,-51.41,4
2021/06/15 17:15:00,AQUA_M-T,Brasil,PARANA,ARARUNA,Mata Atlantica,4,0,0.8,-23.951,-52.532,9
2021/06/15 17:15:00,AQUA_M-T,Brasil,PARANA,ARARUNA,Mata Atlantica,4,0,0.8,-23.952,-52.542,9.1
2021/06/15 17:15:00,AQUA_M-T,Brasil,PARANA,PEABIRU,Mata Atlantica,4,0,0.8,-23.954,-52.164,5.4
2021/06/15 17:15:00,AQUA_M-T,Brasil,PARANA,GRANDES RIOS,Mata Atlantica,4,0,0.6,-24.2,-51.398,13.5
2021/06/15 17:15:00,AQUA_M-T,Brasil,PARANA,VENTANIA,Mata Atlantica,4,0,0.4,-24.37,-50.265,8
2021/06/15 17:15:00,AQUA_M-T,Brasil,PARANA,VENTANIA,Mata Atlantica,4,0,0.4,-24.371,-50.276,10.8
2021/06/15 17:15:00,AQUA_M-T,Brasil,PARANA,VENTANIA,Mata Atlantica,4,0,0.4,-24.377,-50.268,10.3
2021/06/15 17:15:00,AQUA_M-T,Brasil,PARANA,PALMITAL,Mata Atlantica,4,0,0.9,-24.893,-52.241,12.5
2021/06/15 17:15:00,AQUA_M-T,Brasil,PARANA,PALMITAL,Mata Atlantica,5,0,0.9,-24.895,-52.251,10.1
2021/06/15 17:15:00,AQUA_M-T,Brasil,PARANA,TUNAS DO PARANA,Mata Atlantica,4,0,0.1,-24.985,-49.028,6.5
2021/06/15 17:15:00,AQUA_M-T,Brasil,PARANA,GOIOXIM,Mata Atlantica,4,0,0.9,-24.995,-52.117,10
2021/06/15 17:15:00,AQUA_M-T,Brasil,PARANA,IVAI,Mata Atlantica,4,0,0.3,-25.057,-50.913,7.6
2021/06/15 17:15:00,AQUA_M-T,Brasil,PARANA,IVAI,Mata Atlantica,4,0,0.3,-25.059,-50.923,8.1
2021/06/15 17:15:00,AQUA_M-T,Brasil,PARANA,GUARAPUAVA,Mata Atlantica,4,0,0.4,-25.14,-51.342,7.7
2021/06/15 17:15:00,AQUA_M-T,Brasil,PARANA,GUARAPUAVA,Mata Atlantica,4,0,0.2,-25.142,-51.352,4.9
2021/06/15 17:15:00,AQUA_M-T,Brasil,PARANA,IBEMA,Mata Atlantica,4,0,0.7,-25.162,-53.051,5.2
2021/06/15 17:15:00,AQUA_M-T,Brasil,PARANA,BOCAIUVA DO SUL,Mata Atlantica,4,0,0,-25.233,-49.046,18.7
2021/06/15 17:15:00,AQUA_M-T,Brasil,PARANA,BOCAIUVA DO SUL,Mata Atlantica,4,0,0,-25.235,-49.057,8
2021/06/15 17:15:00,AQUA_M-T,Brasil,PARANA,PRUDENTOPOLIS,Mata Atlantica,3,1.7,0.1,-25.355,-51.058,6.5
2021/06/15 17:15:00,AQUA_M-T,Brasil,PARANA,ESPIGAO ALTO DO IGUACU,Mata Atlantica,4,0,1,-25.361,-52.758,10.2
2021/06/15 17:15:00,AQUA_M-T,Brasil,PARANA,QUEDAS DO IGUACU,Mata Atlantica,4,0,0.7,-25.371,-53.036,6.5
2021/06/15 17:15:00,AQUA_M-T,Brasil,PARANA,QUEDAS DO IGUACU,Mata Atlantica,4,0,1,-25.373,-53.046,4.5
2021/06/15 17:15:00,AQUA_M-T,Brasil,PARANA,IRATI,Mata Atlantica,3,0.3,0.8,-25.534,-51.023,14.4
2021/06/15 17:15:00,AQUA_M-T,Brasil,PARANA,IRATI,Mata Atlantica,3,0.3,0.3,-25.535,-51.033,29
2021/06/15 17:15:00,AQUA_M-T,Brasil,PARANA,RIO AZUL,Mata Atlantica,4,0,0.5,-25.699,-50.897,11
2021/06/15 17:15:00,AQUA_M-T,Brasil,PARANA,PLANALTO,Mata Atlantica,5,0.1,0.9,-25.712,-53.675,7.8
2021/06/15 17:15:00,AQUA_M-T,Brasil,PARANA,RIO AZUL,Mata Atlantica,4,0,0.9,-25.793,-50.779,4.9
2021/06/15 17:15:00,AQUA_M-T,Brasil,PARANA,FRANCISCO BELTRAO,Mata Atlantica,5,0,0.8,-26.027,-53.285,7
2021/06/15 17:15:00,AQUA_M-T,Brasil,SANTA CATARINA,ITAIOPOLIS,Mata Atlantica,5,0.4,0.7,-26.285,-49.97,7.7
2021/06/15 17:15:00,AQUA_M-T,Brasil,SANTA CATARINA,PASSOS MAIA,Mata Atlantica,5,0,0.2,-26.669,-51.868,7
2021/06/15 17:15:00,AQUA_M-T,Brasil,SANTA CATARINA,PONTE SERRADA,Mata Atlantica,6,0.2,0.1,-26.858,-51.966,23.5
2021/06/15 17:15:00,AQUA_M-T,Brasil,SANTA CATARINA,VARGEM BONITA,Mata Atlantica,5,0.2,0,-26.866,-51.697,8.4
2021/06/15 17:15:00,AQUA_M-T,Brasil,SANTA CATARINA,VARGEM BONITA,Mata Atlantica,5,0.2,0,-26.867,-51.707,6.9
2021/06/15 17:15:00,AQUA_M-T,Brasil,SANTA CATARINA,SANTA CECILIA,Mata Atlantica,5,0.3,0.1,-26.925,-50.539,5.6
2021/06/15 17:15:00,AQUA_M-T,Brasil,SANTA CATARINA,ARABUTA,Mata Atlantica,4,2.1,0.1,-27.107,-52.169,4.6
2021/06/15 17:15:00,AQUA_M-T,Brasil,SANTA CATARINA,TANGARA,Mata Atlantica,5,0.9,0.1,-27.136,-51.149,24.6
2021/06/15 17:15:00,AQUA_M-T,Brasil,SANTA CATARINA,LAGES,Mata Atlantica,5,0.1,0,-28.371,-50.416,16.5
2021/06/15 17:15:00,AQUA_M-T,Paraguay,Concepcion,San Lazaro,,4,0,1,-22.277,-57.56,9.5
2021/06/15 17:15:00,AQUA_M-T,Paraguay,Concepcion,San Lazaro,,4,0,1,-22.278,-57.576,73.8
2021/06/15 17:15:00,AQUA_M-T,Paraguay,Concepcion,San Carlos,,5,0,1,-22.375,-57.526,8.7
2021/06/15 17:15:00,AQUA_M-T,Paraguay,Concepcion,Horqueta,,6,0,1,-23.158,-56.707,12.2
2021/06/15 17:15:00,AQUA_M-T,Paraguay,Concepcion,Concepcion,,6,0,1,-23.343,-57.426,9.4
2021/06/15 17:15:00,AQUA_M-T,Paraguay,Presidente Hayes,Pozo Colorado,,6,0,1,-23.765,-57.341,7.6
2021/06/15 17:15:00,AQUA_M-T,Paraguay,Presidente Hayes,Pozo Colorado,,6,0,1,-23.871,-57.581,10.6
2021/06/15 17:15:00,AQUA_M-T,Paraguay,Presidente Hayes,Pozo Colorado,,6,0,0.9,-23.873,-57.588,13.2
2021/06/15 17:15:00,AQUA_M-T,Brasil,MINAS GERAIS,OURO PRETO,Mata Atlantica,4,0,0.6,-20.575,-43.587,23.3
2021/06/15 17:15:00,AQUA_M-T,Paraguay,Concepcion,San Carlos,,5,0,1,-22.376,-57.542,7.1
2021/06/15 17:15:00,AQUA_M-T,Paraguay,Concepcion,San Carlos,,7,0,1,-22.394,-57.288,9.1
2021/06/15 17:15:00,AQUA_M-T,Paraguay,Amambay,Bella Vista,,6,0,1,-22.492,-56.694,5.7
2021/06/15 17:15:00,AQUA_M-T,Paraguay,Presidente Hayes,Puerto Pinasco,,6,0,0.8,-22.63,-58.068,26.3
2021/06/15 17:15:00,AQUA_M-T,Paraguay,Concepcion,Concepcion,,8,0,1,-22.728,-56.925,7.7
2021/06/15 17:15:00,AQUA_M-T,Paraguay,Boqueron,Doctor Pedro P. Pena,,9,0,0.8,-23.007,-60.048,27.2
2021/06/15 17:15:00,AQUA_M-T,Paraguay,Boqueron,Doctor Pedro P. Pena,,9,0,1,-23.01,-60.072,81
2021/06/15 17:15:00,AQUA_M-T,Paraguay,Concepcion,Yby Yau,,6,0,0.9,-23.072,-56.148,9.9
2021/06/15 17:15:00,AQUA_M-T,Paraguay,Concepcion,Yby Yau,,6,0,0.9,-23.073,-56.161,12.1
2021/06/15 17:15:00,AQUA_M-T,Paraguay,Concepcion,Yby Yau,,6,0,0.9,-23.076,-56.153,20.1
2021/06/15 17:15:00,AQUA_M-T,Paraguay,San Pedro,General Isidoro Resquin,,5,0,1,-24.037,-56.329,15
2021/06/15 17:15:00,AQUA_M-T,Paraguay,San Pedro,General Isidoro Resquin,,5,0,1,-24.039,-56.342,9.8
2021/06/15 17:15:00,AQUA_M-T,Paraguay,Presidente Hayes,Villa Hayes,,8,0,0.9,-24.063,-57.551,7.2
2021/06/15 17:15:00,AQUA_M-T,Paraguay,Canindeyu,Villa Ygatimi,,5,0,0.2,-24.318,-55.203,5.6
2021/06/15 17:15:00,AQUA_M-T,Paraguay,Canindeyu,Villa San Isidro Curuguaty,,6,0,0.6,-24.345,-55.842,5.4
2021/06/15 17:15:00,AQUA_M-T,Paraguay,Canindeyu,Villa San Isidro Curuguaty,,5,0,0.8,-24.725,-55.79,15.1
2021/06/15 17:15:00,AQUA_M-T,Paraguay,San Pedro,Villa del Rosario,,5,0,0.8,-24.949,-57.138,119.4
2021/06/15 17:15:00,AQUA_M-T,Paraguay,San Pedro,Villa del Rosario,,5,0,0.8,-24.951,-57.154,15.6
2021/06/15 17:15:00,AQUA_M-T,Paraguay,Caazapa,Abai,,4,0,0.7,-25.741,-55.616,7.5
2021/06/15 17:15:00,AQUA_M-T,Argentina,Entre Rios,Concordia,,10,0,0.2,-31.612,-58.019,16.6
2021/06/15 17:15:00,AQUA_M-T,Argentina,Entre Rios,Islas del Ibicuy,,10,0,0.2,-33.378,-59.514,25.5
2021/06/15 17:15:00,AQUA_M-T,Argentina,Entre Rios,Islas del Ibicuy,,10,0,0.2,-33.38,-59.518,28.5
2021/06/15 17:15:00,AQUA_M-T,Brasil,MINAS GERAIS,OURO PRETO,Mata Atlantica,4,0,1,-20.564,-43.597,29.5
2021/06/15 17:20:00,AQUA_M-T,Brasil,MATO GROSSO DO SUL,SIDROLANDIA,Cerrado,4,0,0.1,-20.982,-55.13,8.3
2021/06/15 17:20:00,AQUA_M-T,Brasil,MATO GROSSO,ITANHANGA,Amazonia,19,0,0.8,-12.101,-56.702,18.4
2021/06/15 17:20:00,AQUA_M-T,Brasil,MATO GROSSO DO SUL,SIDROLANDIA,Cerrado,4,0,0.1,-20.984,-55.141,6.8
2021/06/15 17:20:00,AQUA_M-T,Brasil,MATO GROSSO DO SUL,PORTO MURTINHO,Cerrado,4,0,0.1,-21.157,-56.852,7.3
2021/06/15 17:20:00,AQUA_M-T,Brasil,MATO GROSSO DO SUL,CAMPO GRANDE,Cerrado,4,0,0.9,-21.201,-54.233,10.9
2021/06/15 17:20:00,AQUA_M-T,Brasil,RONDONIA,CANDEIAS DO JAMARI,Amazonia,8,0,0.4,-9.24,-63.68,36.5
2021/06/15 17:20:00,AQUA_M-T,Brasil,MATO GROSSO DO SUL,NIOAQUE,Cerrado,4,0,0.3,-21.339,-55.758,10.6
2021/06/15 17:20:00,AQUA_M-T,Brasil,MATO GROSSO DO SUL,NIOAQUE,Cerrado,4,0,0.3,-21.34,-55.77,16.2
2021/06/15 17:20:00,AQUA_M-T,Brasil,MATO GROSSO,COLNIZA,Amazonia,22,0,0.4,-9.473,-60.734,10.8
2021/06/15 17:20:00,AQUA_M-T,Brasil,MATO GROSSO,CLAUDIA,Amazonia,23,0.3,0.9,-11.374,-54.743,10.5
2021/06/15 17:20:00,AQUA_M-T,Brasil,MATO GROSSO,QUERENCIA,Amazonia,27,0,1,-12.183,-52.547,14.1
2021/06/15 17:20:00,AQUA_M-T,Brasil,MATO GROSSO,ALTA FLORESTA,Amazonia,23,0,0.4,-9.5,-56.111,149.4
2021/06/15 17:20:00,AQUA_M-T,Brasil,MATO GROSSO,ALTA FLORESTA,Amazonia,23,0,0.4,-9.501,-56.121,41.7
2021/06/15 17:20:00,AQUA_M-T,Brasil,MATO GROSSO,NOVA MARINGA,Amazonia,26,0,0.7,-12.224,-57.077,11.1
2021/06/15 17:20:00,AQUA_M-T,Brasil,MATO GROSSO,ALTA FLORESTA,Amazonia,23,0,0.4,-9.509,-56.11,70.3
2021/06/15 17:20:00,AQUA_M-T,Brasil,MATO GROSSO,MARCELANDIA,Amazonia,24,0,0.4,-10.601,-53.983,16
2021/06/15 17:20:00,AQUA_M-T,Brasil,MATO GROSSO,ALTA FLORESTA,Amazonia,23,0,0.4,-9.51,-56.119,38
2021/06/15 17:20:00,AQUA_M-T,Brasil,MATO GROSSO,CLAUDIA,Amazonia,23,0.3,0.6,-11.375,-54.752,12.2
2021/06/15 17:20:00,AQUA_M-T,Brasil,MATO GROSSO,ITANHANGA,Amazonia,25,0,0.6,-12.225,-57.014,25.4
2021/06/15 17:20:00,AQUA_M-T,Brasil,MATO GROSSO,COTRIGUACU,Amazonia,8,0,0.7,-9.753,-58.413,10.2
2021/06/15 17:20:00,AQUA_M-T,Brasil,MATO GROSSO DO SUL,ANASTACIO,Cerrado,4,0,0,-20.952,-55.597,26.6
2021/06/15 17:20:00,AQUA_M-T,Brasil,MATO GROSSO,NOVA MONTE VERDE,Amazonia,23,0,1,-9.758,-57.423,16.7
2021/06/15 17:20:00,AQUA_M-T,Brasil,MATO GROSSO,NOVA MARINGA,Amazonia,26,0,1,-12.225,-57.087,18.1
2021/06/15 17:20:00,AQUA_M-T,Brasil,MATO GROSSO,NOVA MONTE VERDE,Amazonia,8,0,1,-9.934,-56.981,12.6
2021/06/15 17:20:00,AQUA_M-T,Brasil,MATO GROSSO,CARLINDA,Amazonia,16,0,1,-9.982,-55.685,11.2
2021/06/15 17:20:00,AQUA_M-T,Brasil,MATO GROSSO,UNIAO DO SUL,Amazonia,26,0,0.9,-11.421,-53.996,8.9
2021/06/15 17:20:00,AQUA_M-T,Brasil,MATO GROSSO,ITANHANGA,Amazonia,25,0,0.6,-12.234,-57.013,29.3
2021/06/15 17:20:00,AQUA_M-T,Brasil,GOIAS,CAIAPONIA,Cerrado,4,0,1,-16.811,-52,5.6
2021/06/15 17:20:00,AQUA_M-T,Brasil,GOIAS,PARAUNA,Cerrado,20,0,1,-16.971,-50.807,12.2
2021/06/15 17:20:00,AQUA_M-T,Brasil,MATO GROSSO,NOVA MARINGA,Amazonia,27,0,1,-12.236,-57.096,42.6
2021/06/15 17:20:00,AQUA_M-T,Brasil,PIAUI,BAIXA GRANDE DO RIBEIRO,Cerrado,46,0,1,-8.313,-45.036,190.1
2021/06/15 17:20:00,AQUA_M-T,Brasil,PIAUI,BAIXA GRANDE DO RIBEIRO,Cerrado,46,0,1,-8.316,-45.04,160.7
2021/06/15 17:20:00,AQUA_M-T,Bolivia,El Beni,Mamore,,4,0,0.9,-12.978,-64.422,44.9
2021/06/15 17:20:00,AQUA_M-T,Brasil,GOIAS,PARAUNA,Cerrado,20,0,0.9,-16.973,-50.818,8.2
2021/06/15 17:20:00,AQUA_M-T,Bolivia,Santa Cruz,Jose Miguel de Velasco,,4,0,0.4,-15.955,-61.194,160
2021/06/15 17:20:00,AQUA_M-T,Bolivia,Santa Cruz,Jose Miguel de Velasco,,4,0,0.3,-16.14,-61.228,18.3
2021/06/15 17:20:00,AQUA_M-T,Bolivia,Santa Cruz,Andres Ibanez,,4,0,0.9,-17.767,-62.924,40.5
2021/06/15 17:20:00,AQUA_M-T,Bolivia,Santa Cruz,Chiquitos,,5,0.3,0.8,-18.15,-59.484,11.6
2021/06/15 17:20:00,AQUA_M-T,Brasil,MATO GROSSO,PORTO ALEGRE DO NORTE,Amazonia,28,0,1,-10.604,-51.985,19.3
2021/06/15 17:20:00,AQUA_M-T,Brasil,GOIAS,IPAMERI,Cerrado,8,1.4,0.6,-17.133,-47.707,123.2
2021/06/15 17:20:00,AQUA_M-T,Paraguay,Boqueron,General Eugenio A. Garay,,8,0,1,-21.327,-60.163,54.7
2021/06/15 17:20:00,AQUA_M-T,Brasil,MATO GROSSO,SAO FELIX DO ARAGUAIA,Amazonia,28,0,0.9,-11.446,-52.068,109.9
2021/06/15 17:20:00,AQUA_M-T,Brasil,MATO GROSSO,JUINA,Cerrado,21,0,0.4,-12.243,-59.326,20.4
2021/06/15 17:20:00,AQUA_M-T,Paraguay,Boqueron,General Eugenio A. Garay,,8,0,1,-21.334,-60.157,99.3
2021/06/15 17:20:00,AQUA_M-T,Paraguay,Boqueron,General Eugenio A. Garay,,8,0,1,-21.337,-60.18,51.2
2021/06/15 17:20:00,AQUA_M-T,Paraguay,Boqueron,General Eugenio A. Garay,,8,0,1,-21.34,-60.162,68.9
2021/06/15 17:20:00,AQUA_M-T,Brasil,MINAS GERAIS,BURITIZEIRO,Cerrado,29,0,1,-17.189,-45.03,47.2
2021/06/15 17:20:00,AQUA_M-T,Paraguay,Boqueron,General Eugenio A. Garay,,7,0,1,-21.343,-60.11,20.1
2021/06/15 17:20:00,AQUA_M-T,Brasil,MATO GROSSO,MARCELANDIA,Amazonia,28,0,0.9,-11.222,-54.198,6.6
2021/06/15 17:20:00,AQUA_M-T,Brasil,MARANHAO,GRAJAU,Cerrado,1,0,0.5,-5.9,-46.055,106.1
2021/06/15 17:20:00,AQUA_M-T,Brasil,MATO GROSSO,NOVA MARINGA,Amazonia,22,0,0.6,-11.861,-57.284,20.9
2021/06/15 17:20:00,AQUA_M-T,Brasil,MARANHAO,GRAJAU,Cerrado,1,0,0.9,-5.906,-46.089,94.7
2021/06/15 17:20:00,AQUA_M-T,Brasil,MARANHAO,GRAJAU,Cerrado,1,0,0.9,-5.906,-46.094,74.1
2021/06/15 17:20:00,AQUA_M-T,Brasil,MATO GROSSO,NOVA MARINGA,Amazonia,22,0,0.6,-11.863,-57.294,15.4
2021/06/15 17:20:00,AQUA_M-T,Brasil,MARANHAO,CAROLINA,Cerrado,4,0.5,0.8,-7.421,-47.47,118
2021/06/15 17:20:00,AQUA_M-T,Brasil,MATO GROSSO,UNIAO DO SUL,Amazonia,27,0,1,-11.297,-54.085,14.6
2021/06/15 17:20:00,AQUA_M-T,Brasil,MARANHAO,CAROLINA,Cerrado,5,0.5,0.8,-7.425,-47.474,106.9
2021/06/15 17:20:00,AQUA_M-T,Brasil,MATO GROSSO,NOVA MARINGA,Amazonia,25,0,0.6,-12.035,-57.279,4.9
2021/06/15 17:20:00,AQUA_M-T,Brasil,PARA,NOVO PROGRESSO,Amazonia,24,0,0.7,-7.555,-55.19,11.8
2021/06/15 17:20:00,AQUA_M-T,Brasil,PARA,NOVO PROGRESSO,Amazonia,24,0,1,-7.556,-55.199,23.5
2021/06/15 17:20:00,AQUA_M-T,Brasil,MATO GROSSO,FELIZ NATAL,Amazonia,24,0,0.6,-12.053,-54.224,11.9
2021/06/15 17:20:00,AQUA_M-T,Brasil,PARA,NOVO PROGRESSO,Amazonia,24,0,0.5,-7.565,-55.198,8.5
2021/06/15 17:20:00,AQUA_M-T,Brasil,MATO GROSSO,MARCELANDIA,Amazonia,15,0,0.5,-10.58,-54.282,19
2021/06/15 17:20:00,AQUA_M-T,Brasil,MATO GROSSO,SAO FELIX DO ARAGUAIA,Cerrado,28,0,0.9,-11.316,-50.995,21.7
2021/06/15 17:20:00,AQUA_M-T,Brasil,TOCANTINS,CAMPOS LINDOS,Cerrado,5,0,0.8,-8.406,-47.053,35.5
2021/06/15 17:20:00,AQUA_M-T,Brasil,MATO GROSSO,FELIZ NATAL,Amazonia,23,0,0.6,-12.054,-54.234,9.9
2021/06/15 17:20:00,AQUA_M-T,Brasil,PARA,SANTA MARIA DAS BARREIRAS,Amazonia,28,0.3,1,-8.549,-50.386,27.8
2021/06/15 17:20:00,AQUA_M-T,Brasil,TOCANTINS,ITACAJA,Cerrado,7,0,1,-8.582,-47.655,23.3
2021/06/15 17:20:00,AQUA_M-T,Brasil,MINAS GERAIS,FELIXLANDIA,Cerrado,20,0,1,-18.793,-44.91,22.2
2021/06/15 17:20:00,AQUA_M-T,Brasil,MINAS GERAIS,PATROCINIO,Cerrado,3,0,1,-18.794,-46.985,50.4
2021/06/15 17:20:00,AQUA_M-T,Brasil,TOCANTINS,ITACAJA,Cerrado,8,0,1,-8.583,-47.66,25.5
2021/06/15 17:20:00,AQUA_M-T,Brasil,MATO GROSSO DO SUL,FIGUEIRAO,Cerrado,4,0,0.9,-18.949,-53.95,73.2
2021/06/15 17:20:00,AQUA_M-T,Brasil,MATO GROSSO,SAO FELIX DO ARAGUAIA,Cerrado,28,0,0.9,-11.327,-50.993,12.5
2021/06/15 17:20:00,AQUA_M-T,Brasil,RONDONIA,SAO MIGUEL DO GUAPORE,Amazonia,10,0,0.8,-12.078,-63.006,182.5
2021/06/15 17:20:00,AQUA_M-T,Brasil,MATO GROSSO DO SUL,CORUMBA,Pantanal,4,0,0.7,-18.026,-55.942,36
2021/06/15 17:20:00,AQUA_M-T,Brasil,MATO GROSSO,NOVA MARINGA,Amazonia,28,0,0.6,-12.257,-57.177,34.4
2021/06/15 17:20:00,AQUA_M-T,Brasil,MATO GROSSO DO SUL,CORUMBA,Pantanal,4,0,0.7,-18.027,-55.953,41.8
2021/06/15 17:20:00,AQUA_M-T,Brasil,MATO GROSSO DO SUL,CORUMBA,Pantanal,4,0,0.7,-18.03,-55.974,69.5
2021/06/15 17:20:00,AQUA_M-T,Brasil,MATO GROSSO,PORTO ALEGRE DO NORTE,Amazonia,28,0,1,-10.606,-51.997,39.5
2021/06/15 17:20:00,AQUA_M-T,Brasil,TOCANTINS,LAGOA DA CONFUSAO,Cerrado,28,0,1,-11.48,-50.659,15.4
2021/06/15 17:20:00,AQUA_M-T,Brasil,MATO GROSSO,NOVA MARINGA,Amazonia,28,0,0.6,-12.258,-57.187,23.2
2021/06/15 17:20:00,AQUA_M-T,Brasil,MATO GROSSO DO SUL,CORUMBA,Pantanal,3,0,0.7,-18.035,-55.941,11.9
2021/06/15 17:20:00,AQUA_M-T,Brasil,MATO GROSSO,NOVA MARINGA,Amazonia,28,0,-999,-12.266,-57.175,276.6
2021/06/15 17:20:00,AQUA_M-T,Brasil,MATO GROSSO DO SUL,COXIM,Cerrado,4,0,0.9,-18.053,-54.968,14.3
2021/06/15 17:20:00,AQUA_M-T,Brasil,MATO GROSSO,VILA RICA,Amazonia,27,0,0.5,-10.004,-51.947,34
2021/06/15 17:20:00,AQUA_M-T,Brasil,MATO GROSSO,ALTA FLORESTA,Amazonia,23,0,1,-10.325,-56.94,92.3
2021/06/15 17:20:00,AQUA_M-T,Brasil,MATO GROSSO DO SUL,COXIM,Cerrado,4,0,0.8,-18.054,-54.978,11.8
2021/06/15 17:20:00,AQUA_M-T,Brasil,MATO GROSSO,NOVA MARINGA,Amazonia,28,0,0.6,-12.268,-57.186,183.2
2021/06/15 17:20:00,AQUA_M-T,Brasil,MATO GROSSO DO SUL,CORUMBA,Pantanal,3,0,0.1,-18.127,-56.896,7.4
2021/06/15 17:20:00,AQUA_M-T,Brasil,TOCANTINS,LAGOA DA CONFUSAO,Cerrado,28,0,1,-11.482,-50.674,9.5
2021/06/15 17:20:00,AQUA_M-T,Brasil,MATO GROSSO DO SUL,ALCINOPOLIS,Cerrado,3,0,0.4,-18.265,-53.464,5.3
2021/06/15 17:20:00,AQUA_M-T,Brasil,MATO GROSSO,NOVA MARINGA,Amazonia,28,0,0.9,-12.276,-57.174,55.8
2021/06/15 17:20:00,AQUA_M-T,Brasil,MATO GROSSO DO SUL,ALCINOPOLIS,Cerrado,3,0,0.4,-18.266,-53.474,23.3
2021/06/15 17:20:00,AQUA_M-T,Brasil,MATO GROSSO DO SUL,RIO VERDE DE MATO GROSSO,Cerrado,4,0,0.6,-18.698,-55.121,16.6
2021/06/15 17:20:00,AQUA_M-T,Brasil,MATO GROSSO,FELIZ NATAL,Amazonia,7,0,0.5,-12.366,-55.054,17.4
2021/06/15 17:20:00,AQUA_M-T,Brasil,MATO GROSSO,CANARANA,Cerrado,29,0,1,-13.603,-52.706,39.1
2021/06/15 17:20:00,AQUA_M-T,Brasil,MATO GROSSO,PORTO ALEGRE DO NORTE,Amazonia,28,0,1,-10.608,-52.009,22.6
2021/06/15 17:20:00,AQUA_M-T,Brasil,MATO GROSSO,GAUCHA DO NORTE,Amazonia,23,0,0.6,-12.412,-53.357,11.9
2021/06/15 17:20:00,AQUA_M-T,Brasil,MATO GROSSO,SANTA CRUZ DO XINGU,Amazonia,28,3.1,0.3,-10.1,-52.768,18.1
2021/06/15 17:20:00,AQUA_M-T,Brasil,MATO GROSSO,ALTA FLORESTA,Amazonia,23,0,0.5,-10.334,-56.938,143.6
2021/06/15 17:20:00,AQUA_M-T,Brasil,TOCANTINS,LAGOA DA CONFUSAO,Cerrado,28,0,1,-11.493,-50.672,58.2
2021/06/15 17:20:00,AQUA_M-T,Brasil,MATO GROSSO,GAUCHA DO NORTE,Amazonia,24,0,0.6,-12.413,-53.367,11.7
2021/06/15 17:20:00,AQUA_M-T,Brasil,MATO GROSSO,NOVA CANAA DO NORTE,Amazonia,17,0,0.5,-10.781,-56.258,25.8
2021/06/15 17:20:00,AQUA_M-T,Brasil,MATO GROSSO,PARANATINGA,Amazonia,42,0,0.6,-12.456,-54.084,15.2
2021/06/15 17:20:00,AQUA_M-T,Brasil,MATO GROSSO,PORTO DOS GAUCHOS,Amazonia,22,0,1,-11.515,-57.051,7.8
2021/06/15 17:20:00,AQUA_M-T,Brasil,MATO GROSSO,NOVA MARINGA,Amazonia,20,0,0.5,-12.674,-57.328,17.3
2021/06/15 17:20:00,AQUA_M-T,Brasil,MATO GROSSO,NOVA MARINGA,Amazonia,20,0,0.5,-12.675,-57.339,27.1
2021/06/15 17:20:00,AQUA_M-T,Brasil,MATO GROSSO,PORTO DOS GAUCHOS,Amazonia,22,0,0.8,-11.516,-57.061,13.9
2021/06/15 17:20:00,AQUA_M-T,Brasil,MATO GROSSO,GAUCHA DO NORTE,Amazonia,25,0,0.7,-12.699,-52.98,5.9
2021/06/15 17:20:00,AQUA_M-T,Brasil,MATO GROSSO,CONFRESA,Amazonia,27,0,0.9,-10.419,-51.648,16.4
2021/06/15 17:20:00,AQUA_M-T,Brasil,TOCANTINS,MATEIROS,Cerrado,31,0,1,-10.782,-46.333,31
2021/06/15 17:20:00,AQUA_M-T,Brasil,MATO GROSSO,FELIZ NATAL,Amazonia,16,0,0.5,-12.707,-55.184,11.3
2021/06/15 17:20:00,AQUA_M-T,Brasil,MATO GROSSO,PORTO DOS GAUCHOS,Amazonia,23,0,0.8,-11.571,-56.517,12.1
2021/06/15 17:20:00,AQUA_M-T,Brasil,MATO GROSSO,GAUCHA DO NORTE,Amazonia,25,0,0.9,-12.708,-52.978,21.4
2021/06/15 17:20:00,AQUA_M-T,Brasil,TOCANTINS,PARANA,Cerrado,18,0,1,-12.714,-47.649,19.3
2021/06/15 17:20:00,AQUA_M-T,Brasil,MATO GROSSO,UNIAO DO SUL,Amazonia,23,0,0.6,-11.673,-54.269,11.6
2021/06/15 17:20:00,AQUA_M-T,Brasil,MATO GROSSO,GAUCHA DO NORTE,Amazonia,25,0,0.9,-12.718,-52.977,20.9
2021/06/15 17:20:00,AQUA_M-T,Brasil,MATO GROSSO,MARCELANDIA,Amazonia,29,0,0.9,-10.808,-54.142,5.3
2021/06/15 17:20:00,AQUA_M-T,Brasil,RONDONIA,PIMENTEIRAS DO OESTE,Amazonia,10,0,0.8,-12.758,-61.499,28.7
2021/06/15 17:20:00,AQUA_M-T,Brasil,MATO GROSSO,UNIAO DO SUL,Amazonia,23,0,0.9,-11.69,-54.323,8.4
2021/06/15 17:20:00,AQUA_M-T,Brasil,MATO GROSSO,GAUCHA DO NORTE,Amazonia,22,0,1,-12.766,-52.943,8.7
2021/06/15 17:20:00,AQUA_M-T,Brasil,MATO GROSSO,GAUCHA DO NORTE,Amazonia,22,0,1,-12.767,-52.953,12.8
2021/06/15 17:20:00,AQUA_M-T,Brasil,MATO GROSSO,ALTA FLORESTA,Amazonia,16,0.1,0.4,-10.103,-56.672,12.6
2021/06/15 17:20:00,AQUA_M-T,Brasil,TOCANTINS,GURUPI,Cerrado,28,0,1,-11.731,-49.134,16.9
2021/06/15 17:20:00,AQUA_M-T,Brasil,MATO GROSSO,PARANATINGA,Amazonia,28,0,0.7,-12.823,-54.201,24.3
2021/06/15 17:20:00,AQUA_M-T,Brasil,MATO GROSSO,COLIDER,Amazonia,24,0,0.9,-10.426,-55.444,15.8
2021/06/15 17:20:00,AQUA_M-T,Brasil,MATO GROSSO,NOVA CANAA DO NORTE,Amazonia,15,0.2,1,-11.01,-56.397,5
2021/06/15 17:20:00,AQUA_M-T,Brasil,MATO GROSSO,VILA RICA,Amazonia,27,0,0.6,-10.002,-51.935,91.1
2021/06/15 17:20:00,AQUA_M-T,Brasil,MATO GROSSO,PARANATINGA,Amazonia,24,0,0.7,-12.844,-54.217,16.8
2021/06/15 17:20:00,AQUA_M-T,Brasil,MATO GROSSO,SINOP,Amazonia,22,0,0.7,-11.741,-55.116,6.8
2021/06/15 17:20:00,AQUA_M-T,Brasil,MATO GROSSO,BRASNORTE,Amazonia,22,0,0.6,-12.924,-57.748,12.5
2021/06/15 17:20:00,AQUA_M-T,Brasil,MATO GROSSO,BRASNORTE,Amazonia,22,0,0.5,-12.926,-57.76,12.1
2021/06/15 17:20:00,AQUA_M-T,Brasil,GOIAS,PEROLANDIA,Cerrado,4,0,1,-17.498,-52.203,5.3
2021/06/15 17:20:00,AQUA_M-T,Brasil,MATO GROSSO,PORTO DOS GAUCHOS,Amazonia,23,0,0.6,-11.773,-56.598,12.8
2021/06/15 17:20:00,AQUA_M-T,Brasil,MATO GROSSO,GAUCHA DO NORTE,Amazonia,24,0,0.6,-13.14,-52.981,26.8
2021/06/15 17:20:00,AQUA_M-T,Brasil,MATO GROSSO,MARCELANDIA,Amazonia,28,0.3,0.4,-11.029,-54.201,10.5
2021/06/15 17:20:00,AQUA_M-T,Brasil,MATO GROSSO,NOVA MUTUM,Cerrado,13,2.9,0.9,-13.384,-56.295,15.6
2021/06/15 17:20:00,AQUA_M-T,Brasil,MATO GROSSO,CANARANA,Cerrado,29,0,1,-13.597,-52.703,43.2
2021/06/15 17:20:00,AQUA_M-T,Brasil,MATO GROSSO,PORTO DOS GAUCHOS,Amazonia,23,0,0.7,-11.774,-56.608,10.8
2021/06/15 17:20:00,AQUA_M-T,Brasil,MATO GROSSO,SAO JOSE DO RIO CLARO,Cerrado,14,0,0.9,-13.502,-56.957,6.8
2021/06/15 17:20:00,AQUA_M-T,Brasil,MATO GROSSO,CANARANA,Cerrado,29,0,0.9,-13.601,-52.696,213.8
2021/06/15 17:20:00,AQUA_M-T,Brasil,MATO GROSSO,UNIAO DO SUL,Amazonia,23,0,0.6,-11.783,-54.388,10.8
2021/06/15 17:20:00,AQUA_M-T,Brasil,MATO GROSSO,ARIPUANA,Amazonia,17,0,1,-10.527,-59.251,18.4
2021/06/15 17:20:00,AQUA_M-T,Brasil,MATO GROSSO,ITAUBA,Amazonia,8,0,0.7,-11.069,-56.153,10.5
2021/06/15 17:20:00,AQUA_M-T,Brasil,MATO GROSSO,PORTO DOS GAUCHOS,Amazonia,19,0,0.6,-11.83,-57.023,12.1
2021/06/15 17:20:00,AQUA_M-T,Brasil,MATO GROSSO,CANARANA,Cerrado,29,0,1,-13.611,-52.695,13.9
2021/06/15 17:20:00,AQUA_M-T,Brasil,MATO GROSSO DO SUL,TERENOS,Cerrado,4,0,0.1,-20.607,-54.849,11.2
2021/06/15 17:20:00,AQUA_M-T,Brasil,MATO GROSSO DO SUL,BONITO,Cerrado,4,0,0,-20.672,-56.36,17.1
2021/06/15 17:20:00,AQUA_M-T,Brasil,MATO GROSSO DO SUL,ANASTACIO,Cerrado,4,0,0,-20.95,-55.586,8
2021/06/15 17:20:00,AQUA_M-T,Brasil,TOCANTINS,ARAGUACEMA,Cerrado,23,0.1,1,-9.152,-49.501,28.4
2021/06/15 17:20:00,AQUA_M-T,Brasil,MINAS GERAIS,BURITIZEIRO,Cerrado,29,0,1,-17.191,-45.037,42.7
2021/06/15 17:20:00,AQUA_M-T,Brasil,MATO GROSSO,NOVA MARINGA,Amazonia,27,0,0.6,-12.248,-57.115,104.5
2021/06/15 17:20:00,AQUA_M-T,Brasil,GOIAS,MINEIROS,Cerrado,4,0,0.8,-17.245,-52.849,5.8
2021/06/15 17:20:00,AQUA_M-T,Brasil,MINAS GERAIS,PARACATU,Cerrado,34,1.5,1,-17.429,-47.075,30.1
2021/06/15 17:20:00,AQUA_M-T,Brasil,MATO GROSSO,TABAPORA,Amazonia,19,0,0.5,-11.446,-56.484,9.6
2021/06/15 17:20:00,AQUA_M-T,Brasil,MATO GROSSO,NOVA MARINGA,Amazonia,28,0,0.6,-12.25,-57.125,62.1
2021/06/15 17:20:00,AQUA_M-T,Brasil,GOIAS,PEROLANDIA,Cerrado,4,0,1,-17.499,-52.213,30.8
2021/06/15 17:20:00,AQUA_M-T,Brasil,MATO GROSSO,JUINA,Cerrado,21,0,0.4,-12.254,-59.325,22.7
2021/06/15 17:20:00,AQUA_M-T,Brasil,GOIAS,ACREUNA,Cerrado,4,0,1,-17.581,-50.523,12.1
2021/06/15 17:20:00,AQUA_M-T,Brasil,MATO GROSSO DO SUL,CORUMBA,Pantanal,4,0,0.7,-18.006,-55.974,13.1
2021/06/15 17:20:00,AQUA_M-T,Brasil,MATO GROSSO,CLAUDIA,Amazonia,23,0,0.6,-11.472,-55.103,19.9
2021/06/15 17:20:00,AQUA_M-T,Brasil,MATO GROSSO,JUINA,Cerrado,21,0,0.4,-12.256,-59.339,27.9
2021/06/15 17:20:00,AQUA_M-T,Brasil,MATO GROSSO DO SUL,CORUMBA,Pantanal,4,0,0.6,-18.015,-55.972,13.5
2021/06/15 17:20:00,AQUA_M-T,Brasil,MINAS GERAIS,SACRAMENTO,Cerrado,4,0,0.4,-20.054,-47.177,24.5
2021/06/15 17:20:00,AQUA_M-T,Brasil,MATO GROSSO,MARCELANDIA,Amazonia,23,0,0.4,-10.591,-53.985,9
2021/06/15 17:20:00,AQUA_M-T,Brasil,RONDONIA,PORTO VELHO,Amazonia,7,0,0.5,-9.091,-63.937,31.9
2021/06/15 17:20:00,AQUA_M-T,Brasil,MATO GROSSO DO SUL,RIBAS DO RIO PARDO,Cerrado,4,0,0.5,-20.08,-53.427,10.7
2021/06/15 17:20:00,AQUA_M-T,Brasil,MATO GROSSO,JUARA,Amazonia,22,0,1,-11.339,-57.705,21.7
2021/06/15 17:20:00,AQUA_M-T,Brasil,RONDONIA,SAO MIGUEL DO GUAPORE,Amazonia,10,0,1,-12.096,-63.031,24.2
2021/06/15 17:20:00,AQUA_M-T,Brasil,MATO GROSSO DO SUL,RIBAS DO RIO PARDO,Cerrado,4,0,1,-20.386,-53.712,6.4
2021/06/15 17:20:00,AQUA_M-T,Brasil,MATO GROSSO,SANTA CRUZ DO XINGU,Amazonia,28,0,0.6,-10.282,-52.288,290
2021/06/15 17:20:00,AQUA_M-T,Brasil,MATO GROSSO DO SUL,PORTO MURTINHO,Cerrado,4,0,0.2,-20.462,-57.053,12.9
2021/06/15 17:20:00,AQUA_M-T,Brasil,PARA,JACAREACANGA,Amazonia,23,0,0.7,-9.129,-56.938,8.1
2021/06/15 17:20:00,AQUA_M-T,Brasil,MATO GROSSO,PARANATINGA,Cerrado,9,0,0.9,-14.371,-54.28,9.1
2021/06/15 17:20:00,AQUA_M-T,Brasil,MATO GROSSO,UNIAO DO SUL,Amazonia,23,0,0.6,-11.835,-54.43,10.5
2021/06/15 17:20:00,AQUA_M-T,Brasil,MATO GROSSO,BARAO DE MELGACO,Pantanal,4,0,0.9,-16.922,-56.247,6.7
2021/06/15 17:20:00,AQUA_M-T,Brasil,MATO GROSSO,ITAUBA,Amazonia,23,0,0.4,-11.192,-55.458,9.7
2021/06/15 17:20:00,AQUA_M-T,Brasil,MATO GROSSO,ALTO GARCAS,Cerrado,4,0,1,-17.107,-53.672,8.7
2021/06/15 17:20:00,AQUA_M-T,Brasil,MATO GROSSO,UNIAO DO SUL,Amazonia,23,0,0.6,-11.836,-54.44,10.6
2021/06/15 17:20:00,AQUA_M-T,Brasil,MATO GROSSO,SANTO ANTONIO DO LEVERGER,Pantanal,4,0,0.4,-17.265,-55.312,11.1
2021/06/15 17:20:00,AQUA_M-T,Brasil,MATO GROSSO,SANTO ANTONIO DO LEVERGER,Pantanal,4,0,0.4,-17.266,-55.322,37.4
2021/06/15 17:20:00,AQUA_M-T,Brasil,MATO GROSSO,SANTA CRUZ DO XINGU,Amazonia,28,0,0.5,-10.281,-52.277,43.6
2021/06/15 17:20:00,AQUA_M-T,Brasil,MATO GROSSO,NOVA MARINGA,Amazonia,22,0,0.6,-11.85,-57.275,12.7
2021/06/15 17:20:00,AQUA_M-T,Brasil,MATO GROSSO,SANTO ANTONIO DO LEVERGER,Pantanal,4,0,0.4,-17.275,-55.32,10.7
2021/06/15 17:20:00,AQUA_M-T,Brasil,MATO GROSSO,MARCELANDIA,Amazonia,14,0,0.5,-10.578,-54.273,7.4
2021/06/15 17:20:00,AQUA_M-T,Brasil,MATO GROSSO DO SUL,FIGUEIRAO,Cerrado,4,0,1,-18.95,-53.959,25.2
2021/06/15 17:20:00,AQUA_M-T,Brasil,MATO GROSSO DO SUL,FIGUEIRAO,Cerrado,4,0,0.7,-18.958,-53.948,9.6
2021/06/15 17:20:00,AQUA_M-T,Brasil,MATO GROSSO DO SUL,FIGUEIRAO,Cerrado,4,0,0.8,-18.959,-53.958,10.8
2021/06/15 17:20:00,AQUA_M-T,Brasil,TOCANTINS,BOM JESUS DO TOCANTINS,Cerrado,23,0.1,0.9,-8.981,-48.039,80.9
2021/06/15 17:20:00,AQUA_M-T,Brasil,MATO GROSSO DO SUL,CHAPADAO DO SUL,Cerrado,4,0,1,-19.198,-52.8,7.3
2021/06/15 17:20:00,AQUA_M-T,Brasil,MATO GROSSO DO SUL,CHAPADAO DO SUL,Cerrado,4,0,1,-19.199,-52.809,4.8
2021/06/15 17:20:00,AQUA_M-T,Brasil,MINAS GERAIS,SAO GOTARDO,Cerrado,3,0,1,-19.226,-46.108,93.2
2021/06/15 17:20:00,AQUA_M-T,Brasil,MINAS GERAIS,SAO GOTARDO,Cerrado,3,0,1,-19.231,-46.114,79.4
2021/06/15 17:20:00,AQUA_M-T,Brasil,TOCANTINS,BOM JESUS DO TOCANTINS,Cerrado,22,0.1,1,-8.984,-48.034,85.5
2021/06/15 17:20:00,AQUA_M-T,Brasil,MINAS GERAIS,PRATA,Cerrado,4,0,0.5,-19.356,-48.806,33.7
2021/06/15 17:20:00,AQUA_M-T,Brasil,RONDONIA,SAO MIGUEL DO GUAPORE,Amazonia,10,0,0.9,-12.081,-63.033,418.3
2021/06/15 17:20:00,AQUA_M-T,Brasil,MINAS GERAIS,PRATA,Cerrado,4,0,0.5,-19.364,-48.79,11.8
2021/06/15 17:20:00,AQUA_M-T,Brasil,TOCANTINS,LAGOA DA CONFUSAO,Cerrado,28,0,1,-11.491,-50.658,35.6
2021/06/15 17:20:00,AQUA_M-T,Brasil,MINAS GERAIS,SACRAMENTO,Cerrado,4,0,0.4,-20.042,-47.179,39.1
2021/06/15 17:20:00,AQUA_M-T,Brasil,MATO GROSSO DO SUL,PARAISO DAS AGUAS,Cerrado,4,0,0.7,-19.441,-53.205,27.7
2021/06/15 17:20:00,AQUA_M-T,Brasil,MATO GROSSO DO SUL,PARAISO DAS AGUAS,Cerrado,4,0,1,-19.439,-53.195,5
2021/06/15 17:20:00,AQUA_M-T,Brasil,RONDONIA,PORTO VELHO,Amazonia,7,0,0.8,-9.089,-63.932,39.2
2021/06/15 17:20:00,AQUA_M-T,Brasil,MATO GROSSO DO SUL,PARAISO DAS AGUAS,Cerrado,4,0,0.3,-19.432,-53.206,8.6
2021/06/15 17:20:00,AQUA_M-T,Brasil,MINAS GERAIS,PERDIZES,Cerrado,4,0,1,-19.427,-47.213,11.6
2021/06/15 17:25:00,AQUA_M-T,Venezuela,Anzoategui,Bruzual,,3,1.5,0.9,9.8,-65.612,31.4
2021/06/15 17:25:00,AQUA_M-T,Venezuela,Anzoategui,Bruzual,,3,1.4,1,9.809,-65.606,20.7
2021/06/15 18:50:00,AQUA_M-T,Chile,Bio-Bio,Nuble,,3,1.3,-999,-36.874,-71.376,13.3
2021/06/15 18:50:00,AQUA_M-T,Chile,Bio-Bio,Biobio,,1,0.5,0,-37.551,-71.657,9
2021/06/15 18:50:00,AQUA_M-T,Chile,Araucania,Cautin,,2,0,0,-39.034,-72.547,12
2021/06/15 19:00:00,AQUA_M-T,Peru,Loreto,Alto Amazonas,,3,0,0.8,-5.88,-76.16,36.7
2021/06/15 19:00:00,AQUA_M-T,Peru,San Martin,Moyobamba,,3,0,0.4,-5.995,-77.062,14.7
2021/06/15 19:00:00,AQUA_M-T,Peru,San Martin,San Martin,,3,0,0.6,-6.524,-76.32,12.5
2021/06/15 19:00:00,AQUA_M-T,Peru,San Martin,Bellavista,,7,0,0.8,-6.997,-76.615,10.8
2021/06/15 19:00:00,AQUA_M-T,Peru,San Martin,Bellavista,,3,0,0.7,-7.199,-76.374,10.3
2021/06/15 19:00:00,AQUA_M-T,Peru,La Libertad,Pacasmayo,,-999,0,-999,-7.319,-79.582,17.2
2021/06/15 19:00:00,AQUA_M-T,Peru,La Libertad,Pacasmayo,,6,0,1,-7.371,-79.435,15.4
2021/06/15 19:00:00,AQUA_M-T,Peru,La Libertad,Ascope,,7,0,1,-7.856,-79.171,15.9
2021/06/15 19:00:00,AQUA_M-T,Brasil,ACRE,ASSIS BRASIL,Amazonia,4,0,0.5,-10.796,-69.431,27.5
2021/06/15 19:00:00,AQUA_M-T,Brasil,ACRE,ASSIS BRASIL,Amazonia,4,0,0.5,-10.797,-69.423,24.6
2021/06/15 19:00:00,AQUA_M-T,Peru,Huanuco,Ambo,,5,0,0.8,-10.25,-76.403,9.8
2021/06/15 19:00:00,AQUA_M-T,Peru,Lima,Barranca,,76,0,1,-10.703,-77.688,9.5
2021/06/15 19:00:00,AQUA_M-T,Peru,Lima,Barranca,,74,0,-999,-10.704,-77.699,10.1
2021/06/15 19:00:00,AQUA_M-T,Peru,Lima,Barranca,,76,0,-999,-10.767,-77.64,15.6
2021/06/15 19:00:00,AQUA_M-T,Peru,Junin,Satipo,,4,0.1,0.4,-11.725,-74.098,16.1
2021/06/15 19:00:00,AQUA_M-T,Peru,Cajamarca,Jaen,,6,0,1,-5.601,-78.802,10.9
2021/06/15 19:00:00,AQUA_M-T,Peru,Loreto,Alto Amazonas,,3,0,0.1,-5.674,-75.855,41.1
2021/06/15 19:00:00,AQUA_M-T,Peru,Loreto,Alto Amazonas,,3,0,0.1,-5.679,-75.848,23
2021/06/15 19:00:00,AQUA_M-T,Peru,Loreto,Alto Amazonas,,3,0,0.1,-5.682,-75.864,22.5
2021/06/15 19:00:00,AQUA_M-T,Peru,San Martin,Rioja,,3,0.1,0.5,-5.743,-77.366,13.7
2021/06/16 16:20:00,AQUA_M-T,Brasil,MINAS GERAIS,ANDRADAS,Mata Atlantica,,,,-22.111,-46.586,22.5
2021/06/16 16:20:00,AQUA_M-T,Brasil,MINAS GERAIS,ANDRADAS,Mata Atlantica,,,,-22.103,-46.569,16.5
2021/06/16 16:20:00,AQUA_M-T,Brasil,MINAS GERAIS,ELOI MENDES,Mata Atlantica,,,,-21.697,-45.668,11.5
2021/06/16 16:20:00,AQUA_M-T,Brasil,RIO DE JANEIRO,SAO FRANCISCO DE ITABAPOANA,Mata Atlantica,,,,-21.355,-41.004,23
2021/06/16 16:20:00,AQUA_M-T,Brasil,RIO DE JANEIRO,SAO FRANCISCO DE ITABAPOANA,Mata Atlantica,,,,-21.354,-40.993,18.3
2021/06/16 16:20:00,AQUA_M-T,Brasil,MINAS GERAIS,SAO JOAO BATISTA DO GLORIA,Cerrado,,,,-20.555,-46.364,24.8
2021/06/16 16:20:00,AQUA_M-T,Brasil,MINAS GERAIS,BARBACENA,Mata Atlantica,,,,-21.212,-43.861,15.5
2021/06/16 16:20:00,AQUA_M-T,Brasil,MINAS GERAIS,SAO JOAO BATISTA DO GLORIA,Cerrado,,,,-20.55,-46.359,27.7
2021/06/16 16:20:00,AQUA_M-T,Brasil,ESPIRITO SANTO,ARACRUZ,Mata Atlantica,,,,-19.858,-40.188,15.4
2021/06/16 16:20:00,AQUA_M-T,Brasil,ESPIRITO SANTO,ARACRUZ,Mata Atlantica,,,,-19.856,-40.178,71.7
2021/06/16 16:20:00,AQUA_M-T,Brasil,MINAS GERAIS,POCRANE,Mata Atlantica,,,,-19.473,-41.553,5
2021/06/16 16:20:00,AQUA_M-T,Brasil,ESPIRITO SANTO,GOVERNADOR LINDENBERG,Mata Atlantica,,,,-19.242,-40.584,3.6
2021/06/16 16:20:00,AQUA_M-T,Brasil,MINAS GERAIS,ENGENHEIRO CALDAS,Mata Atlantica,,,,-19.213,-42.037,14.5
2021/06/16 16:20:00,AQUA_M-T,Brasil,MINAS GERAIS,ENGENHEIRO CALDAS,Mata Atlantica,,,,-19.209,-42.033,13.3
2021/06/16 16:20:00,AQUA_M-T,Brasil,ESPIRITO SANTO,SAO DOMINGOS DO NORTE,Mata Atlantica,,,,-19.091,-40.481,5.5
2021/06/16 16:20:00,AQUA_M-T,Brasil,ESPIRITO SANTO,SOORETAMA,Mata Atlantica,,,,-19.089,-40.142,8.8
2021/06/16 16:20:00,AQUA_M-T,Brasil,ESPIRITO SANTO,SOORETAMA,Mata Atlantica,,,,-19.087,-40.132,23.9
2021/06/16 16:25:00,AQUA_M-T,Brasil,BAHIA,SOBRADINHO,Caatinga,,,,-9.499,-40.94,12.2
2021/06/16 16:25:00,AQUA_M-T,Brasil,PERNAMBUCO,PETROLINA,Caatinga,,,,-9.167,-40.611,13.9
2021/06/16 16:25:00,AQUA_M-T,Brasil,PIAUI,SANTA FILOMENA,Cerrado,,,,-9.106,-45.874,11.4
2021/06/16 16:25:00,AQUA_M-T,Brasil,PIAUI,BAIXA GRANDE DO RIBEIRO,Cerrado,,,,-8.734,-44.997,87
2021/06/16 16:25:00,AQUA_M-T,Brasil,CEARA,BREJO SANTO,Caatinga,,,,-7.463,-39.032,8.9
2021/06/16 16:25:00,AQUA_M-T,Brasil,PIAUI,BAIXA GRANDE DO RIBEIRO,Cerrado,,,,-8.594,-45.16,206.1
2021/06/16 16:25:00,AQUA_M-T,Brasil,PARAIBA,JURU,Caatinga,,,,-7.56,-37.839,9.9
2021/06/16 16:25:00,AQUA_M-T,Brasil,PIAUI,BAIXA GRANDE DO RIBEIRO,Cerrado,,,,-8.724,-44.999,189.1
2021/06/16 16:25:00,AQUA_M-T,Brasil,PIAUI,BAIXA GRANDE DO RIBEIRO,Cerrado,,,,-8.723,-44.987,341.7
2021/06/16 16:25:00,AQUA_M-T,Brasil,CEARA,BREJO SANTO,Caatinga,,,,-7.465,-39.043,7.7
2021/06/16 16:25:00,AQUA_M-T,Brasil,PIAUI,BAIXA GRANDE DO RIBEIRO,Cerrado,,,,-8.605,-45.17,27.3
2021/06/16 16:25:00,AQUA_M-T,Brasil,PIAUI,BAIXA GRANDE DO RIBEIRO,Cerrado,,,,-8.604,-45.158,106.1
2021/06/16 16:25:00,AQUA_M-T,Brasil,PIAUI,BAIXA GRANDE DO RIBEIRO,Cerrado,,,,-8.595,-45.171,24.7
2021/06/16 16:25:00,AQUA_M-T,Brasil,PIAUI,BAIXA GRANDE DO RIBEIRO,Cerrado,,,,-8.592,-45.148,41.4
2021/06/16 16:25:00,AQUA_M-T,Brasil,PIAUI,URUCUI,Cerrado,,,,-8.329,-44.645,9.1
2021/06/16 16:25:00,AQUA_M-T,Brasil,PIAUI,SEBASTIAO LEAL,Cerrado,,,,-8.047,-44.213,21.7
2021/06/16 16:25:00,AQUA_M-T,Brasil,PARAIBA,JURU,Caatinga,,,,-7.563,-37.832,12.6
2021/06/16 16:25:00,AQUA_M-T,Brasil,PIAUI,FLORIANO,Caatinga,,,,-7.239,-43.212,26.7
2021/06/16 16:25:00,AQUA_M-T,Brasil,PIAUI,FLORIANO,Caatinga,,,,-7.238,-43.202,12.4
2021/06/16 16:25:00,AQUA_M-T,Brasil,PIAUI,MARCOS PARENTE,Cerrado,,,,-7.211,-43.997,8.8
2021/06/16 16:25:00,AQUA_M-T,Brasil,PIAUI,FLORIANO,Caatinga,,,,-7.205,-42.973,12.9
2021/06/16 16:25:00,AQUA_M-T,Brasil,PIAUI,MARCOS PARENTE,Cerrado,,,,-7.22,-43.996,9.5
2021/06/16 16:25:00,AQUA_M-T,Brasil,PIAUI,JERUMENHA,Cerrado,,,,-7.197,-43.693,12.4
2021/06/16 16:25:00,AQUA_M-T,Brasil,PIAUI,JERUMENHA,Cerrado,,,,-7.195,-43.684,10.2
2021/06/16 16:25:00,AQUA_M-T,Brasil,PIAUI,FLORIANO,Caatinga,,,,-7.184,-43.154,10
2021/06/16 16:25:00,AQUA_M-T,Brasil,PIAUI,FLORIANO,Caatinga,,,,-7.178,-42.977,14.8
2021/06/16 16:25:00,AQUA_M-T,Brasil,PIAUI,FLORIANO,Caatinga,,,,-7.175,-43.155,19.7
2021/06/16 16:25:00,AQUA_M-T,Brasil,PIAUI,JERUMENHA,Caatinga,,,,-7.109,-43.464,14.5
2021/06/16 16:25:00,AQUA_M-T,Brasil,PIAUI,FLORIANO,Caatinga,,,,-7.081,-43.071,8
2021/06/16 16:25:00,AQUA_M-T,Brasil,PIAUI,JERUMENHA,Cerrado,,,,-7.078,-43.572,18.3
2021/06/16 16:25:00,AQUA_M-T,Brasil,PIAUI,JERUMENHA,Cerrado,,,,-7.08,-43.59,12.9
2021/06/16 16:25:00,AQUA_M-T,Brasil,PIAUI,JERUMENHA,Cerrado,,,,-7.071,-43.592,8.3
2021/06/16 16:25:00,AQUA_M-T,Brasil,PIAUI,JERUMENHA,Cerrado,,,,-7.069,-43.573,8.4
2021/06/16 16:25:00,AQUA_M-T,Brasil,PIAUI,JERUMENHA,Cerrado,,,,-7.063,-43.603,9.3
2021/06/16 16:25:00,AQUA_M-T,Brasil,PIAUI,JERUMENHA,Cerrado,,,,-7.062,-43.593,11.8
2021/06/16 16:25:00,AQUA_M-T,Brasil,PIAUI,JERUMENHA,Cerrado,,,,-7.038,-43.625,36.2
2021/06/16 16:25:00,AQUA_M-T,Brasil,PIAUI,JERUMENHA,Cerrado,,,,-7.031,-43.623,20.9
2021/06/16 16:25:00,AQUA_M-T,Brasil,PIAUI,FLORIANO,Caatinga,,,,-6.956,-43.289,21
2021/06/16 16:25:00,AQUA_M-T,Brasil,PIAUI,JERUMENHA,Cerrado,,,,-7.037,-43.616,27.6
2021/06/16 16:25:00,AQUA_M-T,Brasil,PIAUI,FLORIANO,Caatinga,,,,-6.955,-43.28,10.7
2021/06/16 16:25:00,AQUA_M-T,Brasil,CEARA,IGUATU,Caatinga,,,,-6.481,-39.307,10.6
2021/06/16 16:25:00,AQUA_M-T,Brasil,MARANHAO,PASSAGEM FRANCA,Cerrado,,,,-6.141,-43.585,17
2021/06/16 16:25:00,AQUA_M-T,Brasil,PIAUI,PALMEIRAIS,Caatinga,,,,-5.865,-42.863,8.4
2021/06/16 16:25:00,AQUA_M-T,Brasil,MARANHAO,PARNARAMA,Cerrado,,,,-5.625,-43.441,9.5
2021/06/16 16:25:00,AQUA_M-T,Brasil,MARANHAO,MATOES,Cerrado,,,,-5.387,-43.125,7.7
2021/06/16 16:25:00,AQUA_M-T,Brasil,MARANHAO,TIMON,Cerrado,,,,-5.301,-42.972,11.2
2021/06/16 16:25:00,AQUA_M-T,Brasil,MARANHAO,TIMON,Cerrado,,,,-5.302,-42.981,13.1
2021/06/16 16:25:00,AQUA_M-T,Brasil,MARANHAO,CAXIAS,Cerrado,,,,-5.068,-43.408,7.7
2021/06/16 16:25:00,AQUA_M-T,Brasil,MARANHAO,CAXIAS,Cerrado,,,,-5.067,-43.399,14.1
2021/06/16 16:25:00,AQUA_M-T,Brasil,MARANHAO,CAXIAS,Cerrado,,,,-5.055,-43.382,26.4
2021/06/16 16:25:00,AQUA_M-T,Brasil,MARANHAO,SAO BERNARDO,Cerrado,,,,-3.335,-42.609,5.8
2021/06/16 16:25:00,AQUA_M-T,Brasil,MARANHAO,SANTA QUITERIA DO MARANHAO,Cerrado,,,,-3.372,-42.677,8.4
2021/06/16 16:25:00,AQUA_M-T,Brasil,MARANHAO,CAXIAS,Cerrado,,,,-5.054,-43.373,11.7
2021/06/16 16:25:00,AQUA_M-T,Brasil,MARANHAO,SAO JOAO DO SOTER,Cerrado,,,,-4.98,-43.754,7.2
2021/06/16 16:25:00,AQUA_M-T,Brasil,PIAUI,MIGUEL ALVES,Cerrado,,,,-4.191,-42.932,12
2021/06/16 16:25:00,AQUA_M-T,Brasil,MARANHAO,SAO BERNARDO,Cerrado,,,,-3.334,-42.6,13.2
2021/06/16 16:25:00,AQUA_M-T,Brasil,MINAS GERAIS,SAO GOTARDO,Cerrado,,,,-19.228,-46.102,15.2
2021/06/16 16:25:00,AQUA_M-T,Brasil,MINAS GERAIS,SAO GOTARDO,Cerrado,,,,-19.229,-46.107,23.8
2021/06/16 16:25:00,AQUA_M-T,Brasil,MINAS GERAIS,JOAO PINHEIRO,Cerrado,,,,-17.478,-46.237,14.3
2021/06/16 16:25:00,AQUA_M-T,Brasil,GOIAS,PIRACANJUBA,Cerrado,,,,-17.438,-48.842,64.4
2021/06/16 16:25:00,AQUA_M-T,Brasil,GOIAS,PIRACANJUBA,Cerrado,,,,-17.435,-48.811,99.3
2021/06/16 16:25:00,AQUA_M-T,Brasil,GOIAS,PIRACANJUBA,Cerrado,,,,-17.438,-48.818,140
2021/06/16 16:25:00,AQUA_M-T,Brasil,BAHIA,PRADO,Mata Atlantica,,,,-17.411,-39.21,29
2021/06/16 16:25:00,AQUA_M-T,Brasil,MINAS GERAIS,NOVO ORIENTE DE MINAS,Mata Atlantica,,,,-17.27,-41.264,5.5
2021/06/16 16:25:00,AQUA_M-T,Brasil,GOIAS,CRISTALINA,Cerrado,,,,-17.147,-47.341,42.2
2021/06/16 16:25:00,AQUA_M-T,Brasil,BAHIA,PRADO,Mata Atlantica,,,,-17.048,-39.438,56.6
2021/06/16 16:25:00,AQUA_M-T,Brasil,MINAS GERAIS,MONTES CLAROS,Cerrado,,,,-16.535,-43.777,16.1
2021/06/16 16:25:00,AQUA_M-T,Brasil,MINAS GERAIS,JACINTO,Mata Atlantica,,,,-16.347,-40.321,11.5
2021/06/16 16:25:00,AQUA_M-T,Brasil,BAHIA,GUARATINGA,Mata Atlantica,,,,-16.62,-40.231,7.5
2021/06/16 16:25:00,AQUA_M-T,Brasil,MINAS GERAIS,JACINTO,Mata Atlantica,,,,-16.346,-40.311,18.2
2021/06/16 16:25:00,AQUA_M-T,Brasil,MINAS GERAIS,MEDINA,Mata Atlantica,,,,-16.325,-41.416,5.7
2021/06/16 16:25:00,AQUA_M-T,Brasil,MINAS GERAIS,SALINAS,Mata Atlantica,,,,-16.293,-42.323,12.8
2021/06/16 16:25:00,AQUA_M-T,Brasil,MINAS GERAIS,FRANCISCO SA,Cerrado,,,,-16.137,-43.446,15.2
2021/06/16 16:25:00,AQUA_M-T,Brasil,MINAS GERAIS,SAO JOAO DA PONTE,Cerrado,,,,-16.051,-43.823,7.3
2021/06/16 16:25:00,AQUA_M-T,Brasil,BAHIA,ITAPEBI,Mata Atlantica,,,,-15.912,-39.852,4.4
2021/06/16 16:25:00,AQUA_M-T,Brasil,MINAS GERAIS,DIVISOPOLIS,Mata Atlantica,,,,-15.729,-40.893,6.6
2021/06/16 16:25:00,AQUA_M-T,Brasil,MINAS GERAIS,VERDELANDIA,Cerrado,,,,-15.617,-43.518,7.9
2021/06/16 16:25:00,AQUA_M-T,Brasil,BAHIA,ENCRUZILHADA,Mata Atlantica,,,,-15.652,-40.863,6.5
2021/06/16 16:25:00,AQUA_M-T,Brasil,MINAS GERAIS,VERDELANDIA,Cerrado,,,,-15.616,-43.507,31.6
2021/06/16 16:25:00,AQUA_M-T,Brasil,BAHIA,CANDIDO SALES,Mata Atlantica,,,,-15.427,-41.231,8.6
2021/06/16 16:25:00,AQUA_M-T,Brasil,BAHIA,ILHEUS,Mata Atlantica,,,,-15.074,-39.036,12.9
2021/06/16 16:25:00,AQUA_M-T,Brasil,BAHIA,NOVA CANAA,Mata Atlantica,,,,-14.974,-40.171,7.4
2021/06/16 16:25:00,AQUA_M-T,Brasil,BAHIA,JABORANDI,Cerrado,,,,-14.303,-45.499,18.7
2021/06/16 16:25:00,AQUA_M-T,Brasil,BAHIA,GUANAMBI,Caatinga,,,,-14.261,-42.755,21.4
2021/06/16 16:25:00,AQUA_M-T,Brasil,MINAS GERAIS,PECANHA,Mata Atlantica,,,,-18.69,-42.495,9.6
2021/06/16 16:25:00,AQUA_M-T,Brasil,BAHIA,GUANAMBI,Caatinga,,,,-14.266,-42.759,20.2
2021/06/16 16:25:00,AQUA_M-T,Brasil,MINAS GERAIS,DIVINO DAS LARANJEIRAS,Mata Atlantica,,,,-18.759,-41.485,7.1
2021/06/16 16:25:00,AQUA_M-T,Brasil,BAHIA,GUANAMBI,Caatinga,,,,-14.265,-42.749,50.8
2021/06/16 16:25:00,AQUA_M-T,Brasil,MINAS GERAIS,PAULISTAS,Mata Atlantica,,,,-18.44,-42.844,6.1
2021/06/16 16:25:00,AQUA_M-T,Brasil,BAHIA,GUANAMBI,Caatinga,,,,-14.26,-42.744,9.9
2021/06/16 16:25:00,AQUA_M-T,Brasil,MINAS GERAIS,TEOFILO OTONI,Mata Atlantica,,,,-17.974,-41.32,5
2021/06/16 16:25:00,AQUA_M-T,Brasil,MINAS GERAIS,TEOFILO OTONI,Mata Atlantica,,,,-17.734,-41.435,6.5
2021/06/16 16:25:00,AQUA_M-T,Brasil,MINAS GERAIS,ANGELANDIA,Cerrado,,,,-17.657,-42.302,63.7
2021/06/16 16:25:00,AQUA_M-T,Brasil,BAHIA,COCOS,Cerrado,,,,-14.153,-44.564,7.9
2021/06/16 16:25:00,AQUA_M-T,Brasil,MINAS GERAIS,ANGELANDIA,Cerrado,,,,-17.656,-42.291,11.2
2021/06/16 16:25:00,AQUA_M-T,Brasil,MINAS GERAIS,LAGOA GRANDE,Cerrado,,,,-17.633,-46.47,19.6
2021/06/16 16:25:00,AQUA_M-T,Brasil,MINAS GERAIS,LAGOA GRANDE,Cerrado,,,,-17.633,-46.454,16.9
2021/06/16 16:25:00,AQUA_M-T,Brasil,BAHIA,TANHACU,Caatinga,,,,-14.07,-41.254,6.2
2021/06/16 16:25:00,AQUA_M-T,Brasil,BAHIA,LIVRAMENTO DE NOSSA SENHORA,Caatinga,,,,-14.043,-42.051,12.2
2021/06/16 16:25:00,AQUA_M-T,Brasil,BAHIA,PRESIDENTE TANCREDO NEVES,Mata Atlantica,,,,-13.487,-39.381,26.5
2021/06/16 16:25:00,AQUA_M-T,Brasil,BAHIA,ITAETE,Caatinga,,,,-13.086,-41.12,6.1
2021/06/16 16:25:00,AQUA_M-T,Brasil,BAHIA,NOVO HORIZONTE,Caatinga,,,,-12.812,-42.046,14.9
2021/06/16 16:25:00,AQUA_M-T,Brasil,BAHIA,ITAETE,Caatinga,,,,-13.053,-41.079,5.7
2021/06/16 16:25:00,AQUA_M-T,Brasil,BAHIA,SEABRA,Caatinga,,,,-12.457,-41.808,13.9
2021/06/16 16:25:00,AQUA_M-T,Brasil,BAHIA,MUQUEM DO SAO FRANCISCO,Cerrado,,,,-12.109,-43.634,35
2021/06/16 16:25:00,AQUA_M-T,Brasil,BAHIA,IBIPEBA,Caatinga,,,,-11.455,-42.27,12.1
2021/06/16 16:25:00,AQUA_M-T,Brasil,BAHIA,SAO GABRIEL,Caatinga,,,,-11.245,-41.888,8.8
2021/06/16 16:25:00,AQUA_M-T,Brasil,BAHIA,ITAGUACU DA BAHIA,Caatinga,,,,-10.768,-42.287,18.7
2021/06/16 16:25:00,AQUA_M-T,Brasil,BAHIA,SANTA RITA DE CASSIA,Cerrado,,,,-10.958,-44.934,25.4
2021/06/16 16:25:00,AQUA_M-T,Brasil,BAHIA,SANTA RITA DE CASSIA,Cerrado,,,,-10.956,-44.921,146.9
2021/06/16 16:25:00,AQUA_M-T,Brasil,BAHIA,ITAGUACU DA BAHIA,Caatinga,,,,-10.769,-42.296,17.4
2021/06/16 16:25:00,AQUA_M-T,Brasil,MATO GROSSO,SANTA TEREZINHA,Amazonia,,,,-9.903,-50.441,58.2
2021/06/16 16:25:00,AQUA_M-T,Brasil,MATO GROSSO,SANTA TEREZINHA,Amazonia,,,,-9.887,-50.443,50.4
2021/06/16 16:25:00,AQUA_M-T,Brasil,TOCANTINS,TOCANTINIA,Cerrado,,,,-9.843,-48.192,19.4
2021/06/16 16:25:00,AQUA_M-T,Brasil,TOCANTINS,TOCANTINIA,Cerrado,,,,-9.645,-48.052,44.9
2021/06/16 16:25:00,AQUA_M-T,Brasil,TOCANTINS,TOCANTINIA,Cerrado,,,,-9.643,-48.047,47.6
2021/06/16 16:25:00,AQUA_M-T,Brasil,TOCANTINS,RIO SONO,Cerrado,,,,-9.51,-47.212,27.6
2021/06/16 16:25:00,AQUA_M-T,Brasil,MARANHAO,BALSAS,Cerrado,,,,-8.889,-46.755,34
2021/06/16 16:25:00,AQUA_M-T,Brasil,TOCANTINS,ARAGUACEMA,Cerrado,,,,-9.14,-49.526,23.6
2021/06/16 16:25:00,AQUA_M-T,Brasil,TOCANTINS,ITACAJA,Cerrado,,,,-8.736,-47.874,19.6
2021/06/16 16:25:00,AQUA_M-T,Brasil,TOCANTINS,ITAPIRATINS,Cerrado,,,,-8.641,-48.045,23.9
2021/06/16 16:25:00,AQUA_M-T,Brasil,TOCANTINS,COUTO MAGALHAES,Cerrado,,,,-8.473,-49.065,30.4
2021/06/16 16:25:00,AQUA_M-T,Brasil,TOCANTINS,COUTO MAGALHAES,Cerrado,,,,-8.47,-49.042,49.9
2021/06/16 16:25:00,AQUA_M-T,Brasil,TOCANTINS,RECURSOLANDIA,Cerrado,,,,-8.464,-47.181,19.4
2021/06/16 16:25:00,AQUA_M-T,Brasil,TOCANTINS,CAMPOS LINDOS,Cerrado,,,,-8.128,-46.96,16.4
2021/06/16 16:25:00,AQUA_M-T,Brasil,TOCANTINS,CAMPOS LINDOS,Cerrado,,,,-8.127,-46.969,27.1
2021/06/16 16:25:00,AQUA_M-T,Brasil,TOCANTINS,CAMPOS LINDOS,Cerrado,,,,-8.13,-46.975,16.9
2021/06/16 16:25:00,AQUA_M-T,Brasil,MARANHAO,BALSAS,Cerrado,,,,-8.115,-46.274,17.6
2021/06/16 16:25:00,AQUA_M-T,Brasil,TOCANTINS,CAMPOS LINDOS,Cerrado,,,,-8.057,-46.783,32.7
2021/06/16 16:25:00,AQUA_M-T,Brasil,TOCANTINS,PONTE ALTA DO TOCANTINS,Cerrado,,,,-10.478,-47.124,41.6
2021/06/16 16:25:00,AQUA_M-T,Brasil,MARANHAO,FERNANDO FALCAO,Cerrado,,,,-6.147,-45.163,29.9
2021/06/16 16:25:00,AQUA_M-T,Brasil,MARANHAO,FERNANDO FALCAO,Cerrado,,,,-6.146,-45.153,15.9
2021/06/16 16:25:00,AQUA_M-T,Brasil,TOCANTINS,CAMPOS LINDOS,Cerrado,,,,-8.055,-46.769,13.6
2021/06/16 16:25:00,AQUA_M-T,Brasil,MARANHAO,CAROLINA,Cerrado,,,,-7.985,-47.015,15
2021/06/16 16:25:00,AQUA_M-T,Brasil,MATO GROSSO,CANABRAVA DO NORTE,Amazonia,,,,-11.139,-52.069,96
2021/06/16 16:25:00,AQUA_M-T,Brasil,MARANHAO,BALSAS,Cerrado,,,,-7.938,-46.158,27.8
2021/06/16 16:25:00,AQUA_M-T,Brasil,MARANHAO,BALSAS,Cerrado,,,,-7.931,-46.167,34.6
2021/06/16 16:25:00,AQUA_M-T,Brasil,MARANHAO,BALSAS,Cerrado,,,,-7.93,-46.154,48.6
2021/06/16 16:25:00,AQUA_M-T,Brasil,MARANHAO,BALSAS,Cerrado,,,,-7.927,-46.16,46.2
2021/06/16 16:25:00,AQUA_M-T,Brasil,MARANHAO,RIACHAO,Cerrado,,,,-7.546,-46.63,10.5
2021/06/16 16:25:00,AQUA_M-T,Brasil,MARANHAO,RIACHAO,Cerrado,,,,-7.543,-46.622,17.2
2021/06/16 16:25:00,AQUA_M-T,Brasil,MARANHAO,MIRADOR,Cerrado,,,,-6.361,-45.022,13.5
2021/06/16 16:25:00,AQUA_M-T,Brasil,MARANHAO,MIRADOR,Cerrado,,,,-6.363,-45.033,34.4
2021/06/16 16:25:00,AQUA_M-T,Brasil,MARANHAO,MIRADOR,Cerrado,,,,-6.213,-44.475,15.1
2021/06/16 16:25:00,AQUA_M-T,Brasil,MARANHAO,MIRADOR,Cerrado,,,,-6.212,-44.465,74.4
2021/06/16 16:25:00,AQUA_M-T,Brasil,MARANHAO,FERNANDO FALCAO,Cerrado,,,,-6.145,-45.158,27
2021/06/16 16:25:00,AQUA_M-T,Brasil,MARANHAO,GRAJAU,Cerrado,,,,-6.134,-45.665,17.1
2021/06/16 16:25:00,AQUA_M-T,Brasil,MARANHAO,GRAJAU,Cerrado,,,,-5.995,-46.12,20.3
2021/06/16 16:25:00,AQUA_M-T,Brasil,MARANHAO,COLINAS,Cerrado,,,,-6.095,-44.041,12
2021/06/16 16:25:00,AQUA_M-T,Brasil,MARANHAO,JATOBA,Cerrado,,,,-5.888,-44.267,8.9
2021/06/16 16:25:00,AQUA_M-T,Brasil,MARANHAO,JATOBA,Cerrado,,,,-5.887,-44.258,10.6
2021/06/16 16:25:00,AQUA_M-T,Brasil,MARANHAO,MONTES ALTOS,Cerrado,,,,-5.848,-46.954,7.8
2021/06/16 16:25:00,AQUA_M-T,Brasil,MARANHAO,MONTES ALTOS,Cerrado,,,,-5.848,-46.948,18
2021/06/16 16:25:00,AQUA_M-T,Brasil,MARANHAO,MONTES ALTOS,Cerrado,,,,-5.846,-46.939,13.1
2021/06/16 16:25:00,AQUA_M-T,Brasil,MARANHAO,GOVERNADOR LUIZ ROCHA,Cerrado,,,,-5.568,-44.084,31.4
2021/06/16 16:25:00,AQUA_M-T,Brasil,MARANHAO,AMARANTE DO MARANHAO,Cerrado,,,,-5.344,-46.637,14
2021/06/16 16:25:00,AQUA_M-T,Brasil,MARANHAO,GOVERNADOR LUIZ ROCHA,Cerrado,,,,-5.567,-44.074,22.9
2021/06/16 16:25:00,AQUA_M-T,Brasil,MARANHAO,VILA NOVA DOS MARTIRIOS,Amazonia,,,,-5.209,-48.06,16.9
2021/06/16 16:25:00,AQUA_M-T,Brasil,MARANHAO,SANTO ANTONIO DOS LOPES,Cerrado,,,,-4.826,-44.353,8.6
2021/06/16 16:25:00,AQUA_M-T,Brasil,MARANHAO,PERITORO,Cerrado,,,,-4.496,-44.174,29.5
2021/06/16 16:25:00,AQUA_M-T,Brasil,MARANHAO,PERITORO,Cerrado,,,,-4.495,-44.165,181.7
2021/06/16 16:25:00,AQUA_M-T,Brasil,MARANHAO,CENTRO NOVO DO MARANHAO,Amazonia,,,,-4.063,-46.899,25
2021/06/16 16:25:00,AQUA_M-T,Brasil,MARANHAO,BOM JARDIM,Amazonia,,,,-4.061,-46.886,59.9
2021/06/16 16:25:00,AQUA_M-T,Brasil,MARANHAO,BOM JARDIM,Amazonia,,,,-4.051,-46.888,22.9
2021/06/16 16:25:00,AQUA_M-T,Brasil,MARANHAO,CENTRO NOVO DO MARANHAO,Amazonia,,,,-4.053,-46.901,39.7
2021/06/16 16:25:00,AQUA_M-T,Brasil,PARA,TOME-ACU,Amazonia,,,,-2.452,-48.245,20.8
2021/06/16 16:25:00,AQUA_M-T,Brasil,TOCANTINS,PARANA,Cerrado,,,,-12.49,-48.033,53.3
2021/06/16 16:25:00,AQUA_M-T,Brasil,TOCANTINS,PARANA,Cerrado,,,,-12.457,-47.845,27
2021/06/16 16:25:00,AQUA_M-T,Brasil,TOCANTINS,PARANA,Cerrado,,,,-12.456,-47.86,36.3
2021/06/16 16:25:00,AQUA_M-T,Brasil,TOCANTINS,PARANA,Cerrado,,,,-12.453,-47.838,16.4
2021/06/16 16:25:00,AQUA_M-T,Brasil,TOCANTINS,SAO VALERIO,Cerrado,,,,-11.886,-48.195,30.8
2021/06/16 16:25:00,AQUA_M-T,Brasil,MATO GROSSO,SAO FELIX DO ARAGUAIA,Amazonia,,,,-11.444,-52.063,47.5
2021/06/16 16:25:00,AQUA_M-T,Brasil,PIAUI,JERUMENHA,Caatinga,,,,-7.242,-43.363,29.2
2021/06/16 16:25:00,AQUA_M-T,Brasil,MATO GROSSO,CANABRAVA DO NORTE,Amazonia,,,,-11.14,-52.077,132.9
2021/06/16 16:25:00,AQUA_M-T,Brasil,PIAUI,JERUMENHA,Caatinga,,,,-7.251,-43.362,44.8
2021/06/16 16:25:00,AQUA_M-T,Brasil,PIAUI,URUCUI,Cerrado,,,,-7.264,-44.526,12.4
2021/06/16 16:25:00,AQUA_M-T,Brasil,PIAUI,URUCUI,Cerrado,,,,-7.266,-44.536,8.1
2021/06/16 16:25:00,AQUA_M-T,Brasil,PIAUI,CANAVIEIRA,Cerrado,,,,-7.279,-43.696,8.5
2021/06/16 16:25:00,AQUA_M-T,Brasil,MATO GROSSO,CANABRAVA DO NORTE,Amazonia,,,,-11.146,-52.121,66.2
2021/06/16 16:25:00,AQUA_M-T,Brasil,PIAUI,LANDRI SALES,Cerrado,,,,-7.328,-43.975,8.6
2021/06/16 16:25:00,AQUA_M-T,Brasil,PIAUI,LANDRI SALES,Cerrado,,,,-7.329,-43.985,102.1
2021/06/16 16:25:00,AQUA_M-T,Brasil,PIAUI,JERUMENHA,Caatinga,,,,-7.252,-43.505,27.7
2021/06/16 16:25:00,AQUA_M-T,Brasil,MATO GROSSO,CANABRAVA DO NORTE,Amazonia,,,,-11.144,-52.113,103.6
